WaterBatch,ForwardPower_W,ReflectedPower_W
1,1559.8658484197038,36.58009357302478
2,1515.6018640442437,35.38252446429568
3,1515.5994520336203,37.50547593215342
4,1505.80836121682,40.13085924740417
5,1701.5634481750064,42.33805650601139
6,1560.111501174321,37.941053938071626
