WaterBatch,ForwardPower_W,ReflectedPower_W,ChamberPressure_Torr,GasFlowRate_sccm,ChamberWallTemperature_C
1,59.8658484197038,36.58009357302478,3.8912139968434072,59.656320330745594,76.29389990800009
2,58.16704785825934,35.38252446429568,4.178602163853312,58.08397348116461,78.31261142176992
3,58.166955288079336,37.50547593215342,3.850684781489443,56.22890595323773,76.55855538044706
4,57.79118453875756,40.13085924740417,4.2179458479297685,55.054858831268945,79.60034010588906
5,65.30403852879604,42.33805650601139,4.250891926683164,59.68444677837765,81.7335513967164
6,59.87527628850847,37.941053938071626,3.5335182210508873,54.40152493739601,81.92427227762764
