WaterBatch,ForwardPower_W,ReflectedPower_W,ChamberPressure_Torr,GasFlowRate_sccm,ChamberWallTemperature_C
1,1559.8658484197038,36.58009357302478,0.8912139968434072,59.656320330745594,76.29389990800009
2,1515.6018640442437,35.38252446429568,0.9570351922786027,58.08397348116461,78.31261142176992
3,1515.5994520336203,37.50547593215342,0.8819314942532556,56.22890595323773,76.55855538044706
4,1505.80836121682,40.13085924740417,0.966046169820513,55.054858831268945,79.60034010588906
5,1701.5634481750064,42.33805650601139,0.973591888598753,59.68444677837765,81.7335513967164
6,1560.111501174321,37.941053938071626,0.8092900825439996,54.40152493739601,81.92427227762764
